Id,Position,First Name,Nickname,Last Name,FPPG,Played,Salary,Game,Team,Opponent,Injury Indicator,Injury Details,Tier,,,Roster Position
97319-84669,PG,Luka,Luka Doncic,Doncic,57.30000106148098,23,12600,DAL@POR,DAL,POR,,,,,,PG
97319-49111,C,Joel,Joel Embiid,Embiid,62.18571544828869,21,12500,PHI@CHA,PHI,CHA,,,,,,C
97319-55062,C,Nikola,Nikola Jokic,Jokic,59.7360009765625,25,12300,OKC@DEN,DEN,OKC,,,,,,C
97319-84680,PG,Shai,Shai Gilgeous-Alexander,Gilgeous-Alexander,55.73636141690341,22,11700,OKC@DEN,OKC,DEN,,,,,,PG
97319-145337,PG,Tyrese,Tyrese Haliburton,Haliburton,50.75714401971726,21,10700,IND@MIN,IND,MIN,GTD,Knee,,,,PG
97319-66113,SG/PG,Donovan,Donovan Mitchell,Mitchell,46.370001220703124,20,10100,ATL@CLE,CLE,ATL,,,,,,PG/SG
97319-84671,PG,Trae,Trae Young,Young,47.84545343572443,22,10000,ATL@CLE,ATL,CLE,,,,,,PG
97319-80810,PG,De'Aaron,De'Aaron Fox,Fox,47.405554877387154,18,9900,UTA@SAC,SAC,UTA,GTD,Shoulder,,,,PG
97319-59358,C/PF,Domantas,Domantas Sabonis,Sabonis,45.54347826086956,23,9600,UTA@SAC,SAC,UTA,,,,,,PF/C
97319-42677,SG/PG,Terry,Terry Rozier,Rozier,42.378570556640625,14,9400,PHI@CHA,CHA,PHI,,,,,,PG/SG
97319-80817,C,Bam,Bam Adebayo,Adebayo,44.11249923706055,16,9300,CHI@MIA,MIA,CHI,O,Hip,,,,C
97319-14513,SF/PF,Kawhi,Kawhi Leonard,Leonard,41.07083384195963,24,9100,NY@LAC,LAC,NY,,,,,,SF/PF
97319-145485,PG,LaMelo,LaMelo Ball,Ball,44.5933349609375,15,9000,PHI@CHA,CHA,PHI,O,Ankle,,,,PG
97319-42669,PF,Julius,Julius Randle,Randle,41.55833435058594,24,9000,NY@LAC,NY,LAC,,,,,,PF
97319-145321,SG/SF,Anthony,Anthony Edwards,Edwards,39.814999389648435,20,8900,IND@MIN,MIN,IND,GTD,Hip,,,,SG/SF
97319-14514,C,Nikola,Nikola Vucevic,Vucevic,37.57692307692308,26,8800,CHI@MIA,CHI,MIA,,,,,,C
97319-9524,PG,Stephen,Stephen Curry,Curry,40.68181818181818,22,8700,BKN@GS,GS,BKN,,,,,,PG
97319-12341,SG/SF,Paul,Paul George,George,39.465217922044836,23,8600,NY@LAC,LAC,NY,GTD,Groin,,,,SG/SF
97319-58462,PF/C,Karl-Anthony,Karl-Anthony Towns,Towns,38.95217497452445,23,8600,IND@MIN,MIN,IND,,,,,,PF/C
97319-14528,SF/PF,Jimmy,Jimmy Butler,Butler,37.642857142857146,21,8500,CHI@MIA,MIA,CHI,,,,,,SF/PF
97319-9644,SG/PG,James,James Harden,Harden,37.578947368421055,19,8500,NY@LAC,LAC,NY,,,,,,PG/SG
97319-145331,PG,Tyrese,Tyrese Maxey,Maxey,43.38695758322011,23,8500,PHI@CHA,PHI,CHA,,,,,,PG
97319-14498,PG/SG,Kyrie,Kyrie Irving,Irving,38.55294261259191,17,8400,DAL@POR,DAL,POR,O,Heel,,,,PG/SG
97319-80812,PF/SF,Lauri,Lauri Markkanen,Markkanen,39.837501525878906,16,8400,UTA@SAC,UTA,SAC,,,,,,SF/PF
97319-84690,PG,Jalen,Jalen Brunson,Brunson,40.479166666666664,24,8300,NY@LAC,NY,LAC,,,,,,PG
97319-40203,C,Rudy,Rudy Gobert,Gobert,37.182609226392664,23,8200,IND@MIN,MIN,IND,,,,,,C
97319-110326,PG,Coby,Coby White,White,30.142308161808895,26,8100,CHI@MIA,CHI,MIA,,,,,,PG
97319-84717,SG/PG,Anfernee,Anfernee Simons,Simons,35.4,5,8000,DAL@POR,POR,DAL,,,,,,PG/SG
97319-171759,C,Chet,Chet Holmgren,Holmgren,38.06956415591033,23,7900,OKC@DEN,OKC,DEN,,,,,,C
97319-171804,SF/SG,Shaedon,Shaedon Sharpe,Sharpe,31.74782661769701,23,7900,DAL@POR,POR,DAL,,,,,,SG/SF
97319-9714,SF,DeMar,DeMar DeRozan,DeRozan,38.13333384195963,24,7900,CHI@MIA,CHI,MIA,,,,,,SF
97319-58253,C,Myles,Myles Turner,Turner,35.31304400900136,23,7800,IND@MIN,IND,MIN,,,,,,C
97319-66108,PG,Jamal,Jamal Murray,Murray,33.2749989827474,12,7700,OKC@DEN,DEN,OKC,GTD,Ankle,,,,PG
97319-157845,PF/C,Evan,Evan Mobley,Mobley,38.07142857142857,21,7700,ATL@CLE,CLE,ATL,O,Knee,,,,PF/C
97319-67708,SG/PG,Dejounte,Dejounte Murray,Murray,37.0249989827474,24,7600,ATL@CLE,ATL,CLE,,,,,,PG/SG
97319-84670,SG/SF,Mikal,Mikal Bridges,Bridges,36.770833333333336,24,7600,BKN@GS,BKN,GS,,,,,,SG/SF
97319-55060,SF/SG,Bogdan,Bogdan Bogdanovic,Bogdanovic,29.3625005086263,24,7600,ATL@CLE,ATL,CLE,,,,,,SG/SF
97319-40783,SG,Zach,Zach LaVine,LaVine,33.383334689670136,18,7600,CHI@MIA,CHI,MIA,O,Foot,,,,SG
97319-171777,C,Walker,Walker Kessler,Kessler,28.69999964096967,17,7500,UTA@SAC,UTA,SAC,,,,,,C
97319-110342,PG,Darius,Darius Garland,Garland,34.45,20,7500,ATL@CLE,CLE,ATL,O,Jaw,,,,PG
97319-23831,PF/SF,Jerami,Jerami Grant,Grant,32.76841976768092,19,7500,DAL@POR,POR,DAL,GTD,Concussion,,,,SF/PF
97319-84673,C,Deandre,Deandre Ayton,Ayton,31.82105134662829,19,7400,DAL@POR,POR,DAL,,,,,,C
97319-84678,SF,Miles,Miles Bridges,Bridges,35.78461632361779,13,7400,PHI@CHA,CHA,PHI,,,,,,SF
97319-110312,SG,Tyler,Tyler Herro,Herro,37.4375,8,7400,CHI@MIA,MIA,CHI,O,Ankle,,,,SG
97319-12366,SF/SG,Gordon,Gordon Hayward,Hayward,31.118180708451703,22,7200,PHI@CHA,CHA,PHI,,,,,,SG/SF
97319-80821,C/PF,Jarrett,Jarrett Allen,Allen,28.804998779296874,20,7100,ATL@CLE,CLE,ATL,,,,,,PF/C
97319-16359,PG/SG,Malcolm,Malcolm Brogdon,Brogdon,30.9375,16,7100,DAL@POR,POR,DAL,,,,,,PG/SG
97319-15542,SG/PG,Spencer,Spencer Dinwiddie,Dinwiddie,30.378261400305707,23,7000,BKN@GS,BKN,GS,,,,,,PG/SG
97319-55055,SG/PG,Dante,Dante Exum,Exum,16.166666666666668,21,6900,DAL@POR,DAL,POR,,,,,,PG/SG
97319-55059,C,Clint,Clint Capela,Capela,31.899998982747395,24,6900,ATL@CLE,ATL,CLE,,,,,,C
97319-15860,PF/C,Draymond,Draymond Green,Green,26.00666707356771,15,6900,BKN@GS,GS,BKN,O,Suspension,,,,PF/C
97319-113267,SF/PF,Caleb,Caleb Martin,Martin,23.44666748046875,15,6800,CHI@MIA,MIA,CHI,,,,,,SF/PF
97319-66236,PF/C,John,John Collins,Collins,29.490908536044035,22,6800,UTA@SAC,UTA,SAC,O,Illness,,,,PF/C
97319-23798,SG/SF,Caris,Caris LeVert,LeVert,28.072221544053818,18,6800,ATL@CLE,CLE,ATL,,,,,,SG/SF
97319-110354,C,Nic,Nic Claxton,Claxton,32.24000040690104,15,6800,BKN@GS,BKN,GS,,,,,,C
97319-9623,PG,Chris,Chris Paul,Paul,27.214285714285715,21,6800,BKN@GS,GS,BKN,,,,,,PG
97319-188425,C,Dereck,Dereck Lively,Lively,26.37272782759233,22,6700,DAL@POR,DAL,POR,,,,,,C
97319-171760,SF/SG,Jalen,Jalen Williams,Williams,29.404998779296875,20,6700,OKC@DEN,OKC,DEN,,,,,,SG/SF
97319-157905,SG/PG,Josh,Josh Giddey,Giddey,27.456521739130434,23,6600,OKC@DEN,OKC,DEN,,,,,,PG/SG
97319-14518,PF/SF,Tobias,Tobias Harris,Harris,30.412501017252605,24,6500,PHI@CHA,PHI,CHA,,,,,,SF/PF
97319-84703,SG/PG,De'Anthony,De'Anthony Melton,Melton,27.35833231608073,24,6500,PHI@CHA,PHI,CHA,,,,,,PG/SG
97319-70827,C,Ivica,Ivica Zubac,Zubac,27.729166666666668,24,6400,NY@LAC,LAC,NY,,,,,,C
97319-84682,SF/PF,Michael,Michael Porter,Porter,31.18076970027043,26,6400,OKC@DEN,DEN,OKC,,,,,,SF/PF
97319-171786,C,Mark,Mark Williams,Williams,30.88420988384046,19,6400,PHI@CHA,CHA,PHI,GTD,Back,,,,C
97319-110357,SF,RJ,RJ Barrett,Barrett,28.110525030838815,19,6400,NY@LAC,NY,LAC,,,,,,SF
97319-84694,SF,Bruce,Bruce Brown,Brown,25.030435313349184,23,6300,IND@MIN,IND,MIN,,,,,,SF
97319-110995,C/PF,Naz,Naz Reid,Reid,23.182609226392664,23,6300,IND@MIN,MIN,IND,,,,,,PF/C
97319-145328,PF/SF,Saddiq,Saddiq Bey,Bey,24.979166666666668,24,6300,ATL@CLE,ATL,CLE,,,,,,SF/PF
97319-41594,PF,Aaron,Aaron Gordon,Gordon,30.1454551003196,22,6200,OKC@DEN,DEN,OKC,GTD,Heel,,,,PF
97319-9575,PG,Mike,Mike Conley,Conley,26.32608695652174,23,6200,IND@MIN,MIN,IND,,,,,,PG
97319-188412,PG/SG,Keyonte,Keyonte George,George,21.600001017252605,24,6200,UTA@SAC,UTA,SAC,O,Foot,,,,PG/SG
97319-188433,SG/SF,Brandin,Brandin Podziemski,Podziemski,18.627777099609375,18,6100,BKN@GS,GS,BKN,,,,,,SG/SF
97319-157838,SG/SF,Cam,Cam Thomas,Thomas,31.69333292643229,15,6100,BKN@GS,BKN,GS,,,,,,SG/SF
97319-84667,SG,Collin,Collin Sexton,Sexton,22.2439990234375,25,6100,UTA@SAC,UTA,SAC,,,,,,SG
97319-171787,SF/PF,Keegan,Keegan Murray,Murray,26.98421116879112,19,6100,UTA@SAC,SAC,UTA,,,,,,SF/PF
97319-188419,SF,Brandon,Brandon Miller,Miller,25.271429152715776,21,6000,PHI@CHA,CHA,PHI,,,,,,SF
97319-188422,SF,Jaime,Jaime Jaquez,Jaquez,23.22,25,6000,CHI@MIA,MIA,CHI,,,,,,SF
97319-66115,PG/PF,Ben,Ben Simmons,Simmons,31,6,6000,BKN@GS,BKN,GS,O,Back,,,,PG/PF
97319-14509,SG,Klay,Klay Thompson,Thompson,24.83043372112772,23,6000,BKN@GS,GS,BKN,,,,,,SG
97319-110316,SF/PF,Cameron,Cameron Johnson,Johnson,26.694116928998163,17,6000,BKN@GS,BKN,GS,,,,,,SF/PF
97319-110352,PF/C,P.J.,P.J. Washington,Washington,26.447620210193453,21,6000,PHI@CHA,CHA,PHI,O,Shoulder,,,,PF/C
97319-80816,SG/PG,Malik,Malik Monk,Monk,26.52173913043478,23,6000,UTA@SAC,SAC,UTA,,,,,,PG/SG
97319-112708,SG/SF,Max,Max Strus,Strus,28.7960009765625,25,5900,ATL@CLE,CLE,ATL,,,,,,SG/SF
97319-188428,PG,Scoot,Scoot Henderson,Henderson,20.00714329310826,14,5800,DAL@POR,POR,DAL,,,,,,PG
97319-9874,PF/C,Kevin,Kevin Love,Love,21.55789505807977,19,5800,CHI@MIA,MIA,CHI,,,,,,PF/C
97319-157904,SF/PF,Jonathan,Jonathan Kuminga,Kuminga,19.030435313349184,23,5800,BKN@GS,GS,BKN,,,,,,SF/PF
97319-16293,SF/SG,Norman,Norman Powell,Powell,19.3625005086263,24,5800,NY@LAC,LAC,NY,,,,,,SG/SF
97319-85137,SG/SF,Duncan,Duncan Robinson,Robinson,23.17825980808424,23,5700,CHI@MIA,MIA,CHI,,,,,,SG/SF
97319-145308,SF/PF,Patrick,Patrick Williams,Williams,20.49615478515625,26,5700,CHI@MIA,CHI,MIA,,,,,,SF/PF
97319-9642,PG,Russell,Russell Westbrook,Westbrook,28.350001017252605,24,5700,NY@LAC,LAC,NY,,,,,,PG
97319-80825,PF/C,Isaiah,Isaiah Hartenstein,Hartenstein,18.65833282470703,24,5700,NY@LAC,NY,LAC,,,,,,PF/C
97319-23665,SG/SF,Buddy,Buddy Hield,Hield,23.94782555621603,23,5600,IND@MIN,IND,MIN,,,,,,SG/SF
97319-173747,SF,Simone,Simone Fontecchio,Fontecchio,15.691304082455842,23,5600,UTA@SAC,UTA,SAC,,,,,,SF
97319-110337,SG/SF,Talen,Talen Horton-Tucker,Horton-Tucker,22.1839990234375,25,5600,UTA@SAC,UTA,SAC,,,,,,SG/SF
97319-110338,SF/PF,De'Andre,De'Andre Hunter,Hunter,23.847618466331845,21,5600,ATL@CLE,ATL,CLE,GTD,Knee,,,,SF/PF
97319-9535,PG,Kyle,Kyle Lowry,Lowry,23.9875005086263,24,5600,CHI@MIA,MIA,CHI,,,,,,PG
97319-66968,SF/PF,Derrick,Derrick Jones,Jones,19.34347799549932,23,5600,DAL@POR,DAL,POR,,,,,,SF/PF
97319-145318,C,Nick,Nick Richards,Richards,20.782352223115808,17,5600,PHI@CHA,CHA,PHI,,,,,,C
97319-15846,SG/SF,Tim,Tim Hardaway,Hardaway,23.638094947451638,21,5600,DAL@POR,DAL,POR,,,,,,SG/SF
97319-22541,C/PF,Kelly,Kelly Olynyk,Olynyk,21.32608695652174,23,5500,UTA@SAC,UTA,SAC,,,,,,PF/C
97319-14523,PG,Reggie,Reggie Jackson,Jackson,24.638460599459133,26,5500,OKC@DEN,DEN,OKC,,,,,,PG
97319-55056,PF/C,Dario,Dario Saric,Saric,22.708333333333332,24,5500,BKN@GS,GS,BKN,,,,,,PF/C
97319-58153,SF/SG,Kelly,Kelly Oubre,Oubre,24.81538508488582,13,5500,PHI@CHA,PHI,CHA,,,,,,SG/SF
97319-189467,PG,Craig,Craig Porter,Porter,15.299999782017299,14,5300,ATL@CLE,CLE,ATL,,,,,,PG
97319-40562,SG/SF,Josh,Josh Hart,Hart,22.09583282470703,24,5300,NY@LAC,NY,LAC,,,,,,SG/SF
97319-111273,SF/SG,Luguentz,Luguentz Dort,Dort,21.59090909090909,22,5300,OKC@DEN,OKC,DEN,,,,,,SG/SF
97319-171746,SG/SF,Bennedict,Bennedict Mathurin,Mathurin,22.44782555621603,23,5300,IND@MIN,IND,MIN,,,,,,SG/SF
97319-157839,C,Day'Ron,Day'Ron Sharpe,Sharpe,18.84166717529297,24,5200,BKN@GS,BKN,GS,,,,,,C
97319-145304,C,Onyeka,Onyeka Okongwu,Okongwu,22.67083231608073,24,5200,ATL@CLE,ATL,CLE,,,,,,C
97319-23981,PG/SG,Alex,Alex Caruso,Caruso,21.290476481119793,21,5200,CHI@MIA,CHI,MIA,GTD,Ankle,,,,PG/SG
97319-18393,PG,T.J.,T.J. McConnell,McConnell,19.50588271197151,17,5200,IND@MIN,IND,MIN,,,,,,PG
97319-188447,SF/PF,Toumani,Toumani Camara,Camara,17.773912512737773,23,5100,DAL@POR,POR,DAL,,,,,,SF/PF
97319-15557,C,Andre,Andre Drummond,Drummond,18.15769254244291,26,5100,CHI@MIA,CHI,MIA,,,,,,C
97319-84681,SG/SF,Donte,Donte DiVincenzo,DiVincenzo,18.02916717529297,24,5100,NY@LAC,NY,LAC,,,,,,SG/SF
97319-145348,SG/PG,Immanuel,Immanuel Quickley,Quickley,23.23478367017663,23,5100,NY@LAC,NY,LAC,,,,,,PG/SG
97319-16376,SF/PF,Dorian,Dorian Finney-Smith,Finney-Smith,21.608695652173914,23,5100,BKN@GS,BKN,GS,GTD,Knee,,,,SF/PF
97319-157849,PG/SG,Ayo,Ayo Dosunmu,Dosunmu,13.745833079020182,24,5000,CHI@MIA,CHI,MIA,,,,,,PG/SG
97319-58576,C,Kevon,Kevon Looney,Looney,21.70416768391927,24,5000,BKN@GS,GS,BKN,,,,,,C
97319-110318,PF,Grant,Grant Williams,Williams,18.542856852213543,21,5000,DAL@POR,DAL,POR,,,,,,PF
97319-18338,SF/PF,Royce,Royce O'Neale,O'Neale,22.5,23,5000,BKN@GS,BKN,GS,,,,,,SF/PF
97319-23716,SF/PF,Kyle,Kyle Anderson,Anderson,21.043478260869566,23,4900,IND@MIN,MIN,IND,,,,,,SF/PF
97319-171764,SF/PF,Jabari,Jabari Walker,Walker,17.517391038977582,23,4900,DAL@POR,POR,DAL,,,,,,SF/PF
97319-16233,SF/SG,Josh,Josh Richardson,Richardson,19.514999389648438,20,4900,CHI@MIA,MIA,CHI,,,,,,SG/SF
97319-49116,SF/PF,Andrew,Andrew Wiggins,Wiggins,18.772727272727273,22,4900,BKN@GS,GS,BKN,,,,,,SF/PF
97319-194767,C,Duop,Duop Reath,Reath,15.633333333333333,15,4800,DAL@POR,POR,DAL,,,,,,C
97319-15636,SG,Kentavious,Kentavious Caldwell-Pope,Caldwell-Pope,21.0839990234375,25,4800,OKC@DEN,DEN,OKC,O,Concussion,,,,SG
97319-145325,SF/SG,Josh,Josh Green,Green,16.327777438693577,18,4800,DAL@POR,DAL,POR,O,Elbow,,,,SG/SF
97319-80814,PG,Dennis,Dennis Smith,Smith,17.792307927058292,13,4800,BKN@GS,BKN,GS,O,Back,,,,PG
97319-145339,PF,Obi,Obi Toppin,Toppin,21.113043743631113,23,4800,IND@MIN,IND,MIN,,,,,,PF
97319-171665,C,Orlando,Orlando Robinson,Robinson,18.199999722567473,11,4700,CHI@MIA,MIA,CHI,,,,,,C
97319-15583,SG,Seth,Seth Curry,Curry,9.778947529039884,19,4700,DAL@POR,DAL,POR,GTD,Ankle,,,,SG
97319-84704,SG/SF,Kevin,Kevin Huerter,Huerter,23.204545454545453,22,4700,UTA@SAC,SAC,UTA,,,,,,SG/SF
97319-171781,SG,Ochai,Ochai Agbaji,Agbaji,14.144000244140624,25,4700,UTA@SAC,UTA,SAC,,,,,,SG
97319-145319,SF/PF,Jaden,Jaden McDaniels,McDaniels,15.86923100398137,13,4700,IND@MIN,MIN,IND,,,,,,SF/PF
97319-188423,SF,Julian,Julian Strawther,Strawther,11.295651643172555,23,4600,OKC@DEN,DEN,OKC,,,,,,SF
97319-157802,SG,Moses,Moses Moody,Moody,16.875,24,4600,BKN@GS,GS,BKN,,,,,,SG
97319-23802,PG/SG,Kris,Kris Dunn,Dunn,11.905881993910846,17,4600,UTA@SAC,UTA,SAC,,,,,,PG/SG
97319-20277,SF/SG,Torrey,Torrey Craig,Craig,15.753846388596754,26,4600,CHI@MIA,CHI,MIA,,,,,,SG/SF
97319-145329,C,Paul,Paul Reed,Reed,13.379166920979818,24,4600,PHI@CHA,PHI,CHA,,,,,,C
97319-171761,SG,Peyton,Peyton Watson,Watson,13.33750025431315,24,4500,OKC@DEN,DEN,OKC,,,,,,SG
97319-110356,SG/SF,Nickeil,Nickeil Alexander-Walker,Alexander-Walker,17.126086691151496,23,4500,IND@MIN,MIN,IND,,,,,,SG/SF
97319-15946,SF/PF,Harrison,Harrison Barnes,Barnes,19.05217444378397,23,4400,UTA@SAC,SAC,UTA,,,,,,SF/PF
97319-58461,PF,Trey,Trey Lyles,Lyles,17.219999694824217,10,4400,UTA@SAC,SAC,UTA,,,,,,PF
97319-110315,SG/SF,Terance,Terance Mann,Mann,16.716666327582466,18,4400,NY@LAC,LAC,NY,,,,,,SG/SF
97319-9966,PF,James,James Johnson,Johnson,7.805555555555555,18,4400,IND@MIN,IND,MIN,,,,,,PF
97319-110883,PF/SF,Dean,Dean Wade,Wade,13.522221883138021,18,4400,ATL@CLE,CLE,ATL,,,,,,SF/PF
97319-9561,C,DeAndre,DeAndre Jordan,Jordan,14.55,10,4400,OKC@DEN,DEN,OKC,,,,,,C
97319-188415,PG/SG,Cason,Cason Wallace,Wallace,14.973912778108016,23,4400,OKC@DEN,OKC,DEN,,,,,,PG/SG
97319-20491,PF/SF,Robert,Robert Covington,Covington,16.286956787109375,23,4300,PHI@CHA,PHI,CHA,,,,,,SF/PF
97319-81529,PF/C,Daniel,Daniel Theis,Theis,16.150000435965403,14,4300,NY@LAC,LAC,NY,,,,,,PF/C
97319-157827,PF,Isaiah,Isaiah Jackson,Jackson,19.15999959309896,15,4300,IND@MIN,IND,MIN,,,,,,PF
97319-102025,PF,Haywood,Haywood Highsmith,Highsmith,16.646666463216146,15,4300,CHI@MIA,MIA,CHI,,,,,,PF
97319-158856,PF,Trendon,Trendon Watford,Watford,15.658824247472426,17,4300,BKN@GS,BKN,GS,,,,,,PF
97319-110320,SF,Matisse,Matisse Thybulle,Thybulle,16.51304294752038,23,4300,DAL@POR,POR,DAL,,,,,,SF
97319-145330,PG,Isaiah,Isaiah Joe,Joe,17.030435313349184,23,4300,OKC@DEN,OKC,DEN,,,,,,PG
97319-171747,SG/PG,Andrew,Andrew Nembhard,Nembhard,16.752940458409928,17,4200,IND@MIN,IND,MIN,O,Knee,,,,PG/SG
97319-171744,SG,Christian,Christian Braun,Braun,17.59230745755709,26,4200,OKC@DEN,DEN,OKC,,,,,,SG
97319-145333,SF/PF,Aaron,Aaron Nesmith,Nesmith,19.88095238095238,21,4200,IND@MIN,IND,MIN,,,,,,SF/PF
97319-145351,C,Omer,Omer Yurtseven,Yurtseven,12.549999660915798,18,4200,UTA@SAC,UTA,SAC,,,,,,C
97319-188411,PF,Taylor,Taylor Hendricks,Hendricks,13.585714067731585,7,4200,UTA@SAC,UTA,SAC,,,,,,PF
97319-188429,SF,Kris,Kris Murray,Murray,8.315384498009315,13,4100,DAL@POR,POR,DAL,,,,,,SF
97319-9809,SF/PF,Nicolas,Nicolas Batum,Batum,17.205556233723957,18,4100,PHI@CHA,PHI,CHA,,,,,,SF/PF
97319-84668,SF,Troy,Troy Brown,Brown,11.43684226588199,19,4100,IND@MIN,MIN,IND,,,,,,SF
97319-171791,SG,Jaden,Jaden Hardy,Hardy,10.905000305175781,20,4100,DAL@POR,DAL,POR,,,,,,SG
97319-80829,PF,Sasha,Sasha Vezenkov,Vezenkov,11.944999694824219,20,4100,UTA@SAC,SAC,UTA,,,,,,PF
97319-157834,PG,Bones,Bones Hyland,Hyland,12.576923076923077,13,4000,NY@LAC,LAC,NY,,,,,,PG
97319-14512,PF/SF,Marcus,Marcus Morris,Morris,11.711765064912683,17,4000,PHI@CHA,PHI,CHA,,,,,,SF/PF
97319-84691,PG,Shake,Shake Milton,Milton,11.595652704653533,23,4000,IND@MIN,MIN,IND,,,,,,PG
97319-16604,SG,Justin,Justin Holiday,Holiday,10.240000406901041,15,4000,OKC@DEN,DEN,OKC,,,,,,SG
97319-67312,C,Thomas,Thomas Bryant,Bryant,11.837499618530273,16,4000,CHI@MIA,MIA,CHI,,,,,,C
97319-111492,SF/SG,Amir,Amir Coffey,Coffey,4.366666793823242,12,4000,NY@LAC,LAC,NY,,,,,,SG/SF
97319-23156,PF,Georges,Georges Niang,Niang,14.64,25,3900,ATL@CLE,CLE,ATL,,,,,,PF
97319-157826,SG/SF,Quentin,Quentin Grimes,Grimes,11.55454531582919,22,3900,NY@LAC,NY,LAC,,,,,,SG/SF
97319-157831,PG,Tre,Tre Mann,Mann,9.800000190734863,8,3900,OKC@DEN,OKC,DEN,,,,,,PG
97319-58519,SG,Gary,Gary Payton,Payton,14.950000217982701,14,3900,BKN@GS,GS,BKN,O,Calf,,,,SG
97319-12474,PG,Patrick,Patrick Beverley,Beverley,13.449999491373697,24,3900,PHI@CHA,PHI,CHA,,,,,,PG
97319-84675,C,Mo,Mo Bamba,Bamba,9.023077157827524,13,3900,PHI@CHA,PHI,CHA,,,,,,C
97319-171795,PF,Ousmane,Ousmane Dieng,Dieng,7.714285714285714,14,3900,OKC@DEN,OKC,DEN,,,,,,PF
97319-145303,PG/SG,Skylar,Skylar Mays,Mays,17.866666666666667,15,3900,DAL@POR,POR,DAL,,,,,,PG/SG
97319-145322,C,Jalen,Jalen Smith,Smith,18.74285670689174,14,3900,IND@MIN,IND,MIN,O,Heel,,,,C
97319-145341,SF/SG,Isaac,Isaac Okoro,Okoro,15.931249618530273,16,3900,ATL@CLE,CLE,ATL,,,,,,SG/SF
97319-117286,C,Moses,Moses Brown,Brown,8.019999694824218,5,3800,DAL@POR,POR,DAL,,,,,,C
97319-110640,PF,Luka,Luka Samanic,Samanic,6.754545731977983,11,3800,UTA@SAC,UTA,SAC,O,Illness,,,,PF
97319-157825,C,Jericho,Jericho Sims,Sims,3.866666793823242,12,3800,NY@LAC,NY,LAC,,,,,,C
97319-157829,SG,Aaron,Aaron Wiggins,Wiggins,9.447618756975446,21,3800,OKC@DEN,OKC,DEN,,,,,,SG
97319-14501,C,Tristan,Tristan Thompson,Thompson,8.519999694824218,20,3800,ATL@CLE,CLE,ATL,,,,,,C
97319-81621,PF/C,Maxi,Maxi Kleber,Kleber,11.84000015258789,5,3800,DAL@POR,DAL,POR,O,Toe,,,,PF/C
97319-84696,PG,Jevon,Jevon Carter,Carter,9.63846177321214,26,3800,CHI@MIA,CHI,MIA,,,,,,PG
97319-12511,PG,Ish,Ish Smith,Smith,8.847058464499082,17,3800,PHI@CHA,CHA,PHI,,,,,,PG
97319-171758,PF/C,Jaylin,Jaylin Williams,Williams,11.355555216471354,18,3800,OKC@DEN,OKC,DEN,,,,,,PF/C
97319-9481,C/PF,Taj,Taj Gibson,Gibson,0,1,3800,NY@LAC,NY,LAC,,,,,,PF/C
97319-171785,SG,Bryce,Bryce McGowens,McGowens,8.994444105360243,18,3800,PHI@CHA,CHA,PHI,,,,,,SG
97319-16196,C/PF,Dwight,Dwight Powell,Powell,11.885714576357888,21,3800,DAL@POR,DAL,POR,,,,,,PF/C
97319-23447,C,Richaun,Richaun Holmes,Holmes,8.669230534480167,13,3800,DAL@POR,DAL,POR,,,,,,C
97319-188418,PF,Kobe,Kobe Brown,Brown,6.006666564941407,15,3700,NY@LAC,LAC,NY,,,,,,PF
97319-188424,PF,Olivier-Maxence,Olivier-Maxence Prosper,Prosper,5.5,14,3700,DAL@POR,DAL,POR,,,,,,PF
97319-9739,C,JaVale,JaVale McGee,McGee,10.585714431036086,21,3700,UTA@SAC,SAC,UTA,,,,,,C
97319-157805,SG,Brandon,Brandon Boston,Boston,9.695652173913043,23,3700,NY@LAC,LAC,NY,,,,,,SG
97319-157812,PG,Davion,Davion Mitchell,Mitchell,9.505882711971507,17,3700,UTA@SAC,SAC,UTA,,,,,,PG
97319-157840,PG,Jaden,Jaden Springer,Springer,10.092857360839844,14,3700,PHI@CHA,PHI,CHA,,,,,,PG
97319-14511,PF,Markieff,Markieff Morris,Morris,6.425000190734863,8,3700,DAL@POR,DAL,POR,,,,,,PF
97319-110331,PG,Ty,Ty Jerome,Jerome,4.349999904632568,2,3700,ATL@CLE,CLE,ATL,O,Ankle,,,,PG
97319-110351,SG/PG,Cody,Cody Martin,Martin,13.32857186453683,7,3700,PHI@CHA,CHA,PHI,O,Knee,,,,PG/SG
97319-171792,PF,Nikola,Nikola Jovic,Jovic,13.274999618530273,4,3700,CHI@MIA,MIA,CHI,,,,,,PF
97319-85305,SF,Kenrich,Kenrich Williams,Williams,11.623077392578125,13,3700,OKC@DEN,OKC,DEN,,,,,,SF
97319-111622,SF,Garrison,Garrison Mathews,Mathews,4.783333460489909,12,3600,ATL@CLE,ATL,CLE,,,,,,SF
97319-188450,PF,Trayce,Trayce Jackson-Davis,Jackson-Davis,7.346666463216146,15,3600,BKN@GS,GS,BKN,,,,,,PF
97319-9799,SG,Wesley,Wesley Matthews,Matthews,7.161538344163161,13,3600,ATL@CLE,ATL,CLE,,,,,,SG
97319-85597,PG,Jordan,Jordan McLaughlin,McLaughlin,3.9285714285714284,7,3600,IND@MIN,MIN,IND,,,,,,PG
97319-157813,SG/PG,Joshua,Joshua Primo,Primo,17.149999618530273,4,3600,NY@LAC,LAC,NY,GTD,Knee,,,,PG/SG
97319-145533,PF,KJ,KJ Martin,Martin,5.264285496303013,14,3600,PHI@CHA,PHI,CHA,,,,,,PF
97319-157824,PG,Miles,Miles McBride,McBride,3.6399998982747395,15,3600,NY@LAC,NY,LAC,,,,,,PG
97319-157828,SF,Chris,Chris Duarte,Duarte,9.359999847412109,20,3600,UTA@SAC,SAC,UTA,,,,,,SF
97319-171669,SG,Keon,Keon Ellis,Ellis,10.0625,16,3600,UTA@SAC,SAC,UTA,,,,,,SG
97319-14529,PG,Cory,Cory Joseph,Joseph,7,11,3600,BKN@GS,GS,BKN,,,,,,PG
97319-14543,SF,Davis,Davis Bertans,Bertans,7.344444274902344,9,3600,OKC@DEN,OKC,DEN,,,,,,SF
97319-171752,SF,AJ,AJ Griffin,Griffin,4.116666793823242,12,3600,ATL@CLE,ATL,CLE,O,Personal,,,,SF
97319-171763,SG,Dalen,Dalen Terry,Terry,4.1200000762939455,10,3600,CHI@MIA,CHI,MIA,,,,,,SG
97319-23294,SF,Danuel,Danuel House,House,7.753846388596755,13,3600,PHI@CHA,PHI,CHA,,,,,,SF
97319-160022,SG,A.J.,A.J. Lawson,Lawson,5.185714176722935,7,3600,DAL@POR,DAL,POR,,,,,,SG
97319-55065,PG,Vasilije,Vasilije Micic,Micic,7.944444444444445,9,3600,OKC@DEN,OKC,DEN,,,,,,PG
97319-180555,SF,Jamal,Jamal Cain,Cain,9.362500190734863,8,3600,CHI@MIA,MIA,CHI,,,,,,SF
97319-145305,PF/C,Zeke,Zeke Nnaji,Nnaji,8.961904616582961,21,3600,OKC@DEN,DEN,OKC,,,,,,PF/C
97319-145317,PG,Sam,Sam Merrill,Merrill,5.700000127156575,12,3600,ATL@CLE,CLE,ATL,,,,,,PG
97319-80813,PG,Frank,Frank Ntilikina,Ntilikina,7.157446678648603,47,3600,PHI@CHA,CHA,PHI,O,Lower leg,,,,PG
97319-188417,SG,Kobe,Kobe Bufkin,Bufkin,1.7000000476837158,2,3500,ATL@CLE,ATL,CLE,O,Thumb,,,,SG
97319-188420,SG,Nick,Nick Smith,Smith,6,8,3500,PHI@CHA,CHA,PHI,,,,,,SG
97319-188430,SF,Dariq,Dariq Whitehead,Whitehead,4,1,3500,BKN@GS,BKN,GS,,,,,,SF
97319-188431,PF,Noah,Noah Clowney,Clowney,1.2000000476837158,1,3500,BKN@GS,BKN,GS,,,,,,PF
97319-188442,PF,Jalen,Jalen Wilson,Wilson,5.550000190734863,4,3500,BKN@GS,BKN,GS,,,,,,PF
97319-188445,SF,Jordan,Jordan Miller,Miller,2.5,2,3500,NY@LAC,LAC,NY,,,,,,SF
97319-189475,PF,Miles,Miles Norris,Norris,,,3500,ATL@CLE,ATL,CLE,,,,,,PF
97319-158243,SF,Ish,Ish Wainright,Wainright,1.5,2,3500,DAL@POR,POR,DAL,,,,,,SF
97319-188448,SG,Colby,Colby Jones,Jones,5.3799999237060545,10,3500,UTA@SAC,SAC,UTA,,,,,,SG
97319-188449,SF,Jalen,Jalen Slawson,Slawson,2.5600000381469727,5,3500,UTA@SAC,SAC,UTA,,,,,,SF
97319-188454,PF,Mouhamed,Mouhamed Gueye,Gueye,1.5,2,3500,ATL@CLE,ATL,CLE,O,Back,,,,PF
97319-117285,SF,Vlatko,Vlatko Cancar,Cancar,9.94923095703125,65,3500,OKC@DEN,DEN,OKC,,,,,,SF
97319-188455,SF,Seth,Seth Lundy,Lundy,2,1,3500,ATL@CLE,ATL,CLE,,,,,,SF
97319-188452,SF,Leonard,Leonard Miller,Miller,3.566666603088379,3,3500,IND@MIN,MIN,IND,,,,,,SF
97319-188453,SG,Jaylen,Jaylen Clark,Clark,,,3500,IND@MIN,MIN,IND,O,Achilles,,,,SG
97319-188458,SG,Jalen,Jalen Pickett,Pickett,4.583333333333333,12,3500,OKC@DEN,DEN,OKC,,,,,,SG
97319-188459,PF,Hunter,Hunter Tyson,Tyson,1.1875,8,3500,OKC@DEN,DEN,OKC,,,,,,PF
97319-188456,SG,Rayan,Rayan Rupert,Rupert,1.8857142584664481,7,3500,DAL@POR,POR,DAL,,,,,,SG
97319-117291,SG,Armoni,Armoni Brooks,Brooks,6.557143075125558,7,3500,BKN@GS,BKN,GS,,,,,,SG
97319-117290,SF,Charlie,Charlie Brown,Brown,-2,1,3500,NY@LAC,NY,LAC,,,,,,SF
97319-188462,SF,Emoni,Emoni Bates,Bates,4.399999891008649,7,3500,ATL@CLE,CLE,ATL,,,,,,SF
97319-188463,SF,Julian,Julian Phillips,Phillips,2.357142857142857,14,3500,CHI@MIA,CHI,MIA,,,,,,SF
97319-188460,SG,Isaiah,Isaiah Wong,Wong,,,3500,IND@MIN,IND,MIN,,,,,,SG
97319-188466,PG,Amari,Amari Bailey,Bailey,4.400000095367432,1,3500,PHI@CHA,CHA,PHI,,,,,,PG
97319-190515,SG,Onuralp,Onuralp Bitim,Bitim,0,1,3500,CHI@MIA,CHI,MIA,,,,,,SG
97319-188470,PG,Terquavion,Terquavion Smith,Smith,,,3500,PHI@CHA,PHI,CHA,GTD,Illness,,,,PG
97319-188471,SG,Ricky,Ricky Council,Council,,,3500,PHI@CHA,PHI,CHA,,,,,,SG
97319-188468,SF,Keyontae,Keyontae Johnson,Johnson,0,1,3500,OKC@DEN,OKC,DEN,,,,,,SF
97319-188474,SF,Jacob,Jacob Toppin,Toppin,3,1,3500,NY@LAC,NY,LAC,,,,,,SF
97319-23096,SF,Evan,Evan Fournier,Fournier,7.699999809265137,1,3500,NY@LAC,NY,LAC,,,,,,SF
97319-188475,C,Oscar,Oscar Tshiebwe,Tshiebwe,2.8499999046325684,2,3500,IND@MIN,IND,MIN,,,,,,C
97319-117307,SF,DaQuan,DaQuan Jeffries,Jeffries,1.3875000476837158,8,3500,NY@LAC,NY,LAC,,,,,,SF
97319-188473,SF,Jaylen,Jaylen Martin,Martin,,,3500,NY@LAC,NY,LAC,,,,,,SF
97319-188480,PF,Adama,Adama Sanogo,Sanogo,,,3500,CHI@MIA,CHI,MIA,,,,,,PF
97319-157803,SG,Josh,Josh Christopher,Christopher,10.167187690734863,64,3500,UTA@SAC,UTA,SAC,,,,,,SG
97319-157807,C,Luka,Luka Garza,Garza,4.1400001525878904,5,3500,IND@MIN,MIN,IND,,,,,,C
97319-157804,SG,Keon,Keon Johnson,Johnson,9.05749969482422,40,3500,BKN@GS,BKN,GS,,,,,,SG
97319-157815,PF,JT,JT Thor,Thor,8.919999694824218,20,3500,PHI@CHA,CHA,PHI,,,,,,PF
97319-157818,SG,James,James Bouknight,Bouknight,6.199999809265137,1,3500,PHI@CHA,CHA,PHI,,,,,,SG
97319-41082,C,Damian,Damian Jones,Jones,2.881818251176314,11,3500,ATL@CLE,CLE,ATL,,,,,,C
97319-157823,PF,Greg,Greg Brown,Brown,1.5,1,3500,DAL@POR,DAL,POR,,,,,,PF
97319-145538,PF/C,Aleksej,Aleksej Pokusevski,Pokusevski,3.3000000544956754,7,3500,OKC@DEN,OKC,DEN,,,,,,PF/C
97319-145536,PG,Theo,Theo Maledon,Maledon,9.969231238731972,13,3500,PHI@CHA,CHA,PHI,,,,,,PG
97319-145541,PG/SG,RJ,RJ Hampton,Hampton,2.200000047683716,2,3500,CHI@MIA,MIA,CHI,,,,,,PG/SG
97319-171658,SF,Johnny,Johnny Juzang,Juzang,9.100000169542101,18,3500,UTA@SAC,UTA,SAC,,,,,,SF
97319-171659,SG,Lester,Lester Quinones,Quinones,2,2,3500,BKN@GS,GS,BKN,,,,,,SG
97319-157835,SF,Kessler,Kessler Edwards,Edwards,3.361111111111111,18,3500,UTA@SAC,SAC,UTA,,,,,,SF
97319-157833,SF/PF,Jalen,Jalen Johnson,Johnson,30.85333251953125,15,3500,ATL@CLE,ATL,CLE,O,Wrist,,,,SF/PF
97319-190094,SF,Leaky,Leaky Black,Black,4.474999904632568,4,3500,PHI@CHA,CHA,PHI,,,,,,SF
97319-163983,SG,Xavier,Xavier Moon,Moon,4,1,3500,NY@LAC,LAC,NY,,,,,,SG
97319-171668,PG,Collin,Collin Gillespie,Gillespie,4.659999847412109,10,3500,OKC@DEN,DEN,OKC,,,,,,PG
97319-171673,PF,Justin,Justin Lewis,Lewis,,,3500,CHI@MIA,CHI,MIA,,,,,,PF
97319-20640,PG/SG,Jordan,Jordan Clarkson,Clarkson,28.094736199629935,19,3500,UTA@SAC,UTA,SAC,O,Thigh,,,,PG/SG
97319-14496,PG,Ricky,Ricky Rubio,Rubio,13.950000339084202,36,3500,ATL@CLE,CLE,ATL,O,Personal,,,,PG
97319-158371,SF,Terry,Terry Taylor,Taylor,1.566666603088379,6,3500,CHI@MIA,CHI,MIA,,,,,,SF
97319-171680,SF,Cole,Cole Swider,Swider,8.90000025431315,3,3500,CHI@MIA,MIA,CHI,,,,,,SF
97319-70826,SF,Furkan,Furkan Korkmaz,Korkmaz,4.900000179515166,17,3500,PHI@CHA,PHI,CHA,,,,,,SF
97319-23740,PG/SG,Ryan,Ryan Arcidiacono,Arcidiacono,1.5428571701049805,7,3500,NY@LAC,NY,LAC,,,,,,PG/SG
97319-160963,PG,Daishen,Daishen Nix,Nix,2.0333333015441895,6,3500,IND@MIN,MIN,IND,,,,,,PG
97319-84677,SG,Jerome,Jerome Robinson,Robinson,2.4000000953674316,1,3500,BKN@GS,GS,BKN,,,,,,SG
97319-164036,SF,Braxton,Braxton Key,Key,2.3500000635782876,6,3500,OKC@DEN,DEN,OKC,,,,,,SF
97319-157906,PF,Usman,Usman Garuba,Garuba,11.485333658854167,75,3500,BKN@GS,GS,BKN,,,,,,PF
97319-9939,SG/PG,Patty,Patty Mills,Mills,5.466666539510091,3,3500,ATL@CLE,ATL,CLE,,,,,,PG/SG
97319-84702,SG/SF,Lonnie,Lonnie Walker,Walker,21.823529411764707,17,3500,BKN@GS,BKN,GS,O,Hamstring,,,,SG/SF
97319-171745,SG,Kendall,Kendall Brown,Brown,5.116666793823242,6,3500,IND@MIN,IND,MIN,,,,,,SG
97319-84709,C,Mitchell,Mitchell Robinson,Robinson,27.033333914620535,21,3500,NY@LAC,NY,LAC,O,Ankle,,,,C
97319-84708,C,Robert,Robert Williams,Williams,21.51666768391927,6,3500,DAL@POR,POR,DAL,O,Knee,,,,C
97319-15590,C,Mason,Mason Plumlee,Plumlee,14.766666412353516,6,3500,NY@LAC,LAC,NY,O,Knee,,,,C
97319-171765,PF,Moussa,Moussa Diabate,Diabate,7.3111114501953125,9,3500,NY@LAC,LAC,NY,GTD,Hip,,,,PF
97319-110329,PF/C,Bruno,Bruno Fernando,Fernando,1.3000000317891438,6,3500,ATL@CLE,ATL,CLE,,,,,,PF/C
97319-171778,SG,Wendell,Wendell Moore,Moore,0.675000011920929,4,3500,IND@MIN,MIN,IND,,,,,,SG
97319-171776,SF,Josh,Josh Minott,Minott,2.5545454892245205,11,3500,IND@MIN,MIN,IND,,,,,,SF
97319-171782,PF,Isaiah,Isaiah Mobley,Mobley,5.449999809265137,2,3500,ATL@CLE,CLE,ATL,,,,,,PF
97319-161551,PG,Javonte,Javonte Smart,Smart,,,3500,PHI@CHA,PHI,CHA,,,,,,PG
97319-161552,PF,Micah,Micah Potter,Potter,0,1,3500,UTA@SAC,UTA,SAC,,,,,,PF
97319-161553,SG,Dru,Dru Smith,Smith,11.977778116861979,9,3500,CHI@MIA,MIA,CHI,O,Knee,,,,SG
97319-171796,PF,Gui,Gui Santos,Santos,4.150000095367432,2,3500,BKN@GS,GS,BKN,,,,,,PF
97319-180016,C,Ibou,Ibou Badji,Badji,,,3500,DAL@POR,POR,DAL,,,,,,C
97319-192339,SG,Dexter,Dexter Dennis,Dennis,3.200000047683716,2,3500,DAL@POR,DAL,POR,,,,,,SG
97319-23407,PF,P.J.,P.J. Tucker,Tucker,7.706666564941406,15,3500,NY@LAC,LAC,NY,,,,,,PF
97319-159097,C,Jay,Jay Huff,Huff,1,2,3500,OKC@DEN,DEN,OKC,GTD,Leg,,,,C
97319-145824,PG,Jordan,Jordan Ford,Ford,2.7333332697550454,6,3500,UTA@SAC,SAC,UTA,,,,,,PG
97319-145313,PF/SF,Jordan,Jordan Nwora,Nwora,12.442856924874443,7,3500,IND@MIN,IND,MIN,,,,,,SF/PF
97319-80806,PG,Lonzo,Lonzo Ball,Ball,,,3500,CHI@MIA,CHI,MIA,O,Knee,,,,PG
97319-80819,PF/C,Harry,Harry Giles,Giles,10.5,5,3500,BKN@GS,BKN,GS,,,,,,PF/C
97319-15814,C,Alex,Alex Len,Len,9.616666793823242,6,3500,UTA@SAC,SAC,UTA,O,Ankle,,,,C
97319-145352,SG,Trent,Trent Forrest,Forrest,5.833333333333333,6,3500,ATL@CLE,ATL,CLE,,,,,,SG
97319-163280,C,Olivier,Olivier Sarr,Sarr,10.1,5,3500,OKC@DEN,OKC,DEN,,,,,,C
97319-165854,SG,Lindy,Lindy Waters,Waters,5.022222306993273,9,3500,OKC@DEN,OKC,DEN,,,,,,SG
97319-188410,SG,Ben,Ben Sheppard,Sheppard,5.090909090909091,11,3500,IND@MIN,IND,MIN,,,,,,SG
97319-188409,PF,Jarace,Jarace Walker,Walker,8.857142857142858,7,3500,IND@MIN,IND,MIN,,,,,,PF
97319-184831,SF,Justin,Justin Minaya,Minaya,2.5,6,3500,DAL@POR,POR,DAL,,,,,,SF
97319-188413,SF,Brice,Brice Sensabaugh,Sensabaugh,2.4000000953674316,1,3500,UTA@SAC,UTA,SAC,,,,,,SF